antecedents,consequents,antecedent support,consequent support,support,confidence,lift,representativity,leverage,conviction,zhangs_metric,jaccard,certainty,kulczynski
"Attitude_cat_High, PEOU_cat_High",PU_cat_High,0.08,0.15151515151515152,0.052121212121212124,0.6515151515151515,4.3,1.0,0.04,2.434782608695652,0.8341759352881698,0.29054054054054057,0.5892857142857143,0.49775757575757573
PU_cat_Low,PEOU_cat_Low,0.15757575757575756,0.1987878787878788,0.11151515151515151,0.7076923076923077,3.5600375234521575,1.0,0.08019100091827364,2.740988835725678,0.8536127619643415,0.4554455445544555,0.6351681601303386,0.6343339587242026
"PU_cat_Low, PerceivedRisk_cat_High",PEOU_cat_Low,0.08969696969696969,0.1987878787878788,0.06181818181818182,0.6891891891891893,3.466957811470007,1.0,0.043987511478420574,2.577812911725956,0.7816767186235347,0.27272727272727276,0.6120742527701681,0.5000823994726434
"PU_cat_High, SocialInfluence_cat_High","Attitude_cat_High, Intention_cat_High, PerceivedRisk_cat_High",0.07393939393939394,0.30424242424242426,0.052121212121212124,0.7049180327868853,2.3169616615505193,1.0,0.0296257116620753,2.357845117845118,0.6137830269085596,0.15985130111524165,0.5758839321414291,0.4381163869113709
"PU_cat_High, PerceivedRisk_cat_High, SocialInfluence_cat_High","Attitude_cat_High, Intention_cat_High",0.06666666666666667,0.3709090909090909,0.052121212121212124,0.7818181818181819,2.107843137254902,1.0,0.027393939393939398,2.883333333333334,0.5631229235880398,0.13522012578616355,0.653179190751445,0.4611705288175877
